survived,pclass,age,sibsp,parch,fare,adult_male,alone
1.0,-0.33848103596101586,-0.06491041993052575,-0.03532249888573588,0.08162940708348222,0.2573065223849618,-0.5570800422053218,-0.2033670856998897
-0.33848103596101586,1.0,-0.33989832839258516,0.0830813628456866,0.01844267131074835,-0.5494996199439061,0.09403504971590416,0.13520715256448979
-0.06491041993052575,-0.33989832839258516,1.0,-0.23329633125248983,-0.1724819540369471,0.09668842218036496,0.24770375622372345,0.17164748798378474
-0.03532249888573588,0.0830813628456866,-0.23329633125248983,1.0,0.41483769862015263,0.15965104324216103,-0.25358568216181204,-0.5844711694024861
0.08162940708348222,0.01844267131074835,-0.1724819540369471,0.41483769862015263,1.0,0.21622494477076254,-0.34994275130011415,-0.5833976837814403
0.2573065223849618,-0.5494996199439061,0.09668842218036496,0.15965104324216103,0.21622494477076254,1.0,-0.18202373008059605,-0.27183235810610606
-0.5570800422053218,0.09403504971590416,0.24770375622372345,-0.25358568216181204,-0.34994275130011415,-0.18202373008059605,1.0,0.40474386895180064
-0.2033670856998897,0.13520715256448979,0.17164748798378474,-0.5844711694024861,-0.5833976837814403,-0.27183235810610606,0.40474386895180064,1.0
